rewards,steps,success_rate,loss,epsilon
0,11,0.0,0.0,1.0
0,3,0.0,0.0,1.0
0,7,0.0,0.0,0.9901493354116764
0,5,0.0,0.0,0.9803966865736877
0,2,0.0,0.0,0.970741078213023
0,1,0.0,0.0,0.9611815447608
0,5,0.0,0.0,0.9517171302557069
0,2,0.0,0.0,0.9423468882484062
0,2,0.0,0.0,0.9330698817068888
0,1,0.0,0.0,0.9238851829227694
0,6,0.0,0.0,0.9147918734185159
0,1,0.0,0.0,0.9057890438555999
0,11,0.0,0.0,0.896875793943563
0,5,0.0,0.0,0.888051232349986
0,1,0.0,0.0,0.8793144766113556
0,6,0.0,11.104842980702719,0.8706646530448178
0,1,0.0,11.609776496887207,0.8621008966608072
0,4,0.0,11.604979038238525,0.8536223510765493
0,5,0.0,12.057513427734374,0.8452281684304199
0,6,0.0,11.967169125874838,0.8369175092971592
0,10,0.0,11.716380405426026,0.8286895426039287
0,9,0.0,10.593245506286621,0.820543445547202
0,1,0.0,10.749578475952148,0.8124784035104852
0,10,0.0,9.575415229797363,0.8044936099828537
0,4,0.0,10.121782541275024,0.7965882664783007
0,9,0.0,8.876653565300835,0.7887615824558879
0,12,0.0,9.140823006629944,0.7810127752406908
0,2,0.0,10.104176044464111,0.7733410699455306
0,7,0.0,10.872114726475306,0.7657456993934846
0,1,0.0,12.64684772491455,0.7582259040411682
0,10,0.0,9.443630838394165,0.7507809319027796
0,4,0.0,8.949910640716553,0.7434100384749007
0,1,0.0,6.6145148277282715,0.7361124866620463
0,20,0.0,7.9577397108078,0.7288875467029541
0,3,0.0,7.772756894429524,0.7217344960976069
0,4,0.0,7.721214294433594,0.7146526195349836
0,4,0.0,6.60952615737915,0.7076412088215263
0,2,0.0,9.548614025115967,0.7006995628103208
0,7,0.0,7.770431995391846,0.6938269873309811
0,8,0.0,7.01127290725708,0.6870227951202322
0,14,0.0,6.702247074672154,0.680286305753183
0,1,0.0,6.8562331199646,0.6736168455752829
0,2,0.0,6.587092638015747,0.6670137476349562
0,10,0.0,7.482807970046997,0.6604763516169062
0,1,0.0,4.385903358459473,0.6540040037760834
0,2,0.0,4.093933701515198,0.64759605687231
0,6,0.0,5.490489522616069,0.6412518701055556
0,10,0.0,5.540583896636963,0.6349708090518567
0,46,0.0,3.3525811459707175,0.6287522455998737
0,1,0.0,2.850712776184082,0.6225955578880794
0,9,0.0,2.5673271550072565,0.616500130242572
0,4,0.0,3.1329367756843567,0.6104653531155071
0,5,0.0,3.2197890758514403,0.6044906230241432
0,2,0.0,1.5149087309837341,0.5985753424904925
0,5,0.0,2.133616304397583,0.5927189199815717
0,13,0.0,3.0968265441747813,0.5869207698502498
0,4,0.0,2.3758770674467087,0.5811803122766818
0,6,0.0,2.9409632086753845,0.5754969732103268
0,4,0.0,2.218853533267975,0.5698701843125418
0,24,0.0,2.159808076918125,0.564299382899748
0,25,0.0,2.228532907962799,0.558784011887162
0,6,0.0,1.5626138945420582,0.5533235197330862
0,28,0.0,1.493219569325447,0.5479173603837548
0,2,0.0,1.4313181042671204,0.5425649932187278
0,1,0.0,1.0167752504348755,0.5372658829968282
0,5,0.0,1.450285756587982,0.5320194998026181
0,5,0.0,0.999275940656662,0.5268253189934059
0,3,0.0,0.6878329912821451,0.5216828211467822
0,5,0.0,0.8352302752435208,0.516591492008677
0,5,0.0,1.104401910305023,0.5115508224419336
0,9,0.0,0.6036899983882904,0.5065603083753949
0,3,0.0,0.4921809534231822,0.5016194507534953
0,15,0.0,0.44027119465172293,0.49672775548635545
0,9,0.0,0.9461400979715917,0.491884733400372
0,5,0.0,0.4063576266169548,0.48708990018930043
0,4,0.0,0.13456735073123127,0.48234277636582407
0,8,0.0,0.5994382500648499,0.47764288721360454
0,4,0.0,0.40125509700737894,0.47298976273981014
0,41,0.0,0.6213868115801455,0.4683829376281158
0,4,0.0,0.6251912787556648,0.4638219511921713
0,10,0.0,0.3896259551867843,0.4593063473295323
0,11,0.0,0.6636877696622502,0.45483567447604933
0,5,0.0,0.03899837266653776,0.4504094855607117
0,25,0.0,0.37173704964108767,0.44602733796093924
0,20,0.0,0.5360581103363075,0.4416887934583202
0,6,0.0,0.9813375243296226,0.43739341819478894
0,12,0.0,0.3297630953990544,0.43314078262923944
0,10,0.0,0.5005025810445659,0.4289304614945713
0,6,0.0,0.5481938229252895,0.42476203375516264
0,5,0.0,0.5071013443171978,0.42063508256476556
0,1,0.0,0.7871677875518799,0.41654919522482203
0,14,0.0,0.6377931524600301,0.4125039631431931
0,19,0.0,0.6660632706541372,0.40849898179329963
0,4,0.0,0.2331292723538354,0.404533850673669
0,21,0.0,0.6505089779938793,0.40060817326788506
0,4,0.0,0.6237391824834049,0.3967215570049359
0,45,0.0,0.5068014530620227,0.3928736132199562
0,4,0.0,0.7224270850419998,0.38906395711536096
0,14,0.0,0.37884190984602484,0.38529220772236483
0,1,0.0,0.0026342924684286118,0.3815579878628856
0,3,0.0,0.3479787266502778,0.37786092411182526
0,14,0.0,0.5525790323486685,0.3742006467597279
0,25,0.0,0.4113345921039581,0.3705767897758081
0,28,0.0,0.41413728448761894,0.3669889907713475
0,6,0.0,0.6432697867664198,0.36343689096345594
0,70,0.0,0.38333465563357877,0.35992013513919235
0,6,0.0,0.12605745040733987,0.35643837162004377
0,6,0.0,0.5523764553363435,0.3529912522267568
0,4,0.0,0.5742157994536683,0.34957843224451957
0,26,0.0,0.24904478339550012,0.34619957038848975
0,1,0.0,0.11722256243228912,0.34285432876966604
0,39,0.0,0.3410435465480893,0.3395423728610988
0,15,0.0,0.4886827576168192,0.3362633714644372
0,30,0.0,0.27849442054284734,0.33301699667680906
0,35,0.0,0.27580437662212975,0.3298029238580304
0,20,0.0,0.19623104504134972,0.3266208315981408
0,57,0.0,0.23506846321387248,0.32347040168526264
0,22,0.0,0.20040121602571823,0.3203513190737793
0,4,0.0,0.18515706312609836,0.3172632718528302
0,1,0.0,0.7254314422607422,0.31420595121511996
0,18,0.0,0.28644693762180395,0.311179051426037
0,28,0.0,0.31226400545918814,0.3081822697930801
0,31,0.0,0.22707571651065542,0.3052153066355885
0,42,0.0,0.22464330231360646,0.30227786525477407
0,3,0.0,0.0005809318584700426,0.29936965190405085
0,24,0.0,0.18914866262154342,0.29649037575966014
0,2,0.0,0.37484225258231163,0.29363974889158817
0,5,0.0,0.1470602904446423,0.2908174862347727
0,40,0.0,0.19699977517448133,0.28802330556059597
0,1,0.0,0.0015484335599467158,0.2852569274486622
0,22,0.0,0.29202150759308343,0.2825180752588548
0,1,0.0,0.001160772517323494,0.27980647510367246
0,18,0.0,0.5499686750667429,0.2771218558208399
0,1,0.0,0.0015411035856232047,0.27446394894619186
0,1,0.0,0.0018894597887992859,0.27183248868682575
0,100,0.0,0.33656920911860655,0.26922721189452276
0,42,0.0,0.3839980509586721,0.2666478580394326
0,5,0.0,0.2523240621201694,0.26409416918402034
0,1,0.0,0.004387829452753067,0.26156588995727226
0,26,0.0,0.3573209907178982,0.2590627675291589
0,29,0.0,0.3480701589523333,0.2565845515853515
0,78,0.0,0.292452082142401,0.2541309943021904
0,20,0.0,0.29963915881235154,0.25170185032190273
0,8,0.0,0.4205156955868006,0.24929687672806608
0,5,0.0,0.24501454532146455,0.246915833021317
0,3,0.0,0.18568184040486813,0.24455848109530054
0,8,0.0,0.3322824153583497,0.2422245852128597
0,52,0.0,0.21875476601417176,0.23991391198246126
0,5,0.0,0.22264120102045126,0.2376262303348566
0,7,0.0,0.22558649516265308,0.2353613114999746
0,40,0.0,0.2895289019943448,0.23311892898404435
0,7,0.0,0.15768910106271505,0.23089885854694553
0,65,0.0,0.16891537283618863,0.22870087817978443
0,29,0.0,0.20212530469971485,0.22652476808269262
0,26,0.0,0.25388540039644936,0.22437031064284702
0,63,0.0,0.1580796532133328,0.22223729041270818
0,28,0.0,0.1224429408736926,0.22012549408847562
0,14,0.0,0.0999642777855375,0.21803471048875708
0,38,0.0,0.0438201875413621,0.21596473053345028
0,8,0.0,0.02810805662011262,0.21391534722283462
0,24,0.0,0.10059001102733116,0.2118863556168713
0,37,0.0,0.031786588121306254,0.20987755281470882
0,11,0.0,0.08202230782163414,0.20788873793439305
0,25,0.0,0.09002593168988823,0.2059197120927785
0,42,0.0,0.10566886020075929,0.20397027838564025
0,100,0.0,0.05075243053724989,0.20204024186798297
0,12,0.0,0.14936226451633652,0.20012940953454655
0,20,0.0,0.03815255223889835,0.1982375903005053
0,22,0.0,0.05889688188670499,0.19636459498235934
0,42,0.0,0.10320283088644612,0.19451023627901587
0,46,0.0,0.043200843778955146,0.19267432875305937
0,11,0.0,0.003108719411433082,0.19085668881220733
0,2,0.0,0.0033672706340439618,0.1890571346909509
0,100,0.0,0.039843247958051504,0.1872754864323783
0,9,0.0,0.03283729938428021,0.18551156587017906
0,25,0.0,0.09135413489304484,0.1837651966108269
0,15,0.0,0.038104764022864404,0.1820362040159407
0,33,0.0,0.03144339147150855,0.18032441518482004
0,100,0.0,0.06478116793092341,0.17862965893715535
0,24,0.0,0.09805599624329868,0.17695176579590954
0,43,0.0,0.06737659655533038,0.1752905679703703
0,59,0.0,0.04211448727499188,0.17364589933937066
0,13,0.0,0.06572940146837097,0.172017595434677
0,11,0.0,0.037134999091821635,0.17040549342454195
0,68,0.0,0.015122026534620947,0.16880943209742102
0,22,0.0,0.05482215688574466,0.16722925184585147
0,57,0.0,0.06481528276242643,0.16566479465049133
0,35,0.0,0.0191435416661469,0.16411590406431734
0,100,0.0,0.039560985356220046,0.1625824251969801
0,2,0.0,0.005311912624165416,0.16106420469931504
0,16,0.0,0.004968482971889898,0.15956109074800714
0,45,0.0,0.04707690607756376,0.1580729330304087
0,26,0.0,0.021302206392507426,0.15659958272950783
0,8,0.0,0.0031895752254058607,0.15514089250904667
0,58,0.0,0.03922250706317096,0.1536967164987875
0,17,0.0,0.02066432132714373,0.1522669102799259
0,37,0.0,0.04797074625998534,0.15085133087064845
0,7,0.0,0.01895008884769465,0.14944983671183457
0,47,0.0,0.07267464838545531,0.14806228765290044
0,67,0.0,0.044101187445000925,0.1466885449377839
0,21,0.0,0.05561834531060109,0.14532847119106862
0,11,0.0,0.09410556371916425,0.1439819304042466
0,11,0.0,0.10309761189008979,0.14264878792211688
0,39,0.0,0.04552173210033335,0.1413289104293205
0,7,0.0,0.05051598983949849,0.14002216593700811
0,1,0.0,0.18681181967258453,0.13872842376964165
0,31,0.0,0.04354680525589614,0.1374475545519262
0,9,0.0,0.02192025895540913,0.13617943019587256
0,10,0.0,0.018087105732411145,0.13492392388798838
0,11,0.0,0.10048676724545658,0.13368091007659658
0,6,0.0,0.05023507110308856,0.1324502644592803
0,83,0.0,0.06016184051986784,0.13123186397045208
0,100,0.0,0.05266376893268898,0.13002558676904785
0,49,0.0,0.05156973260692416,0.12883131222634217
0,7,0.0,0.007002262265554496,0.12764892091388555
0,9,0.0,0.13051832374185324,0.1264782945915614
0,12,0.0,0.006633594331409161,0.125319316195762
0,100,0.0,0.025130701581947506,0.12417186982768189
0,14,0.0,0.036151913493605595,0.12303584074172813
0,13,0.0,0.009172279065331588,0.12191111533404535
0,29,0.0,0.021100664579566438,0.12079758113115559
0,2,0.0,0.006952773313969374,0.11969512677871053
0,94,0.0,0.029371145967780513,0.11860364203035628
0,50,0.0,0.0271790162101388,0.11752301773670837
0,57,0.0,0.07016399040156485,0.116453145834437
0,14,0.0,0.02247402667334037,0.11539391933546027
0,24,0.0,0.034333110685111023,0.11434523231624569
0,47,0.0,0.037960656061570376,0.11330697990721733
0,19,0.0,0.018215861839340312,0.1122790582822692
0,100,0.0,0.057973591183545066,0.11126136464838206
0,98,0.0,0.02794593000696611,0.11025379723534455
0,37,0.0,0.03834915383265832,0.10925625528557566
0,3,0.0,0.16962384160918495,0.1082686390440492
0,56,0.0,0.058013424667089045,0.10729084974831793
0,39,0.0,0.07365798818854949,0.10632278961863742
0,51,0.0,0.0213639327877329,0.10536436184818809
0,47,0.0,0.08644095248730972,0.10441547059339411
0,68,0.0,0.08708943432686604,0.10347602096433932
0,48,0.0,0.05256006730148025,0.10254591901527788
0,9,0.0,0.15564213413745165,0.10162507173523985
0,9,0.0,0.003378581359154648,0.10071338703872978
0,26,0.0,0.12164461916724506,0.09981077375651838
0,55,0.0,0.05702158267906105,0.09891714162652515
0,29,0.0,0.009164640525404107,0.09803240128479247
0,39,0.0,0.044829175368739434,0.09715646425654882
0,100,0.0,0.044919754043221474,0.09628924294736148
0,17,0.0,0.07109709235373884,0.09543065063437678
0,14,0.0,0.057488315106768696,0.09458060145764802
0,41,0.0,0.023535075018227828,0.09373901041154904
0,100,0.0,0.04177071448997594,0.092905793336274
0,20,0.0,0.021622238436248154,0.09208086690942092
0,39,0.0,0.010184599361263024,0.0912641486376598
0,23,0.0,0.0072039052206294045,0.09045555684848275
0,47,0.0,0.031898280013689495,0.08965501068203711
0,100,0.0,0.02758009802084416,0.08886243008303903
0,2,0.0,0.0029034242033958435,0.08807773579276819
0,41,0.0,0.03883278593364194,0.08730084934114159
0,100,0.0,0.043751211869530376,0.08653169303886674
0,54,0.0,0.033816449637352315,0.0857701899696724
0,100,0.0,0.03813414720993023,0.08501626398261702
0,100,0.0,0.019194011564250105,0.0842698396844737
0,100,0.0,0.023578744712285698,0.08353084243219053
0,100,0.0,0.02569694010890089,0.08279919832542652
0,69,0.0,0.010550616942582301,0.08207483419916123
0,100,0.0,0.016535172028234228,0.08135767761637844
0,50,0.0,0.030207170897629112,0.08064765686082219
0,4,0.0,0.012825518730096519,0.0799447009298253
0,45,0.0,0.0075440610448519385,0.0792487395272088
0,28,0.0,0.03438248989654572,0.07855970305625253
0,100,0.0,0.04803705399739556,0.07787752261273513
0,100,0.0,0.03463069722987711,0.07720212997804382
0,26,0.0,0.03880837124485809,0.07653345761235225
0,72,0.0,0.036222448444782965,0.07587143864786668
0,2,0.0,0.010406292043626308,0.07521600688213892
0,100,0.0,0.04349231030559167,0.07456709677144624
0,3,0.0,0.007571577560156584,0.07392464342423678
0,100,0.0,0.028421851101447827,0.0732885825946405
0,15,0.0,0.015740138199180364,0.07265885067604429
0,60,0.0,0.051029253488134904,0.07203538469473161
0,1,0.0,0.00905918050557375,0.0714181223035847
0,32,0.0,0.030340020457515493,0.07080700177585013
0,22,0.0,0.05260029547339813,0.07020196199896576
0,1,0.0,0.003414378734305501,0.06960294246844981
0,90,0.0,0.031124172432141172,0.06900988328184997
0,72,0.0,0.02755439732249619,0.06842272513275337
0,10,0.0,0.0028763605398125945,0.06784140930485581
0,2,0.0,0.0022925977827981114,0.06726587766609007
0,11,0.0,0.002694703067060221,0.06669607266281269
0,22,0.0,0.033059549491471524,0.06613193731404843
0,100,0.0,0.019284109132131563,0.06557341520579238
0,100,0.0,0.021566425951896236,0.06502045048536823
0,11,0.0,0.0046309661331840534,0.06447298785584316
0,62,0.0,0.015772411104051337,0.06393097257049796
0,87,0.0,0.013281023202747664,0.06339435042735246
0,44,0.0,0.007129706429127095,0.06286306776374512
0,100,0.0,0.024299184891860934,0.06233707145096687
0,26,0.0,0.009708215990730632,0.06181630888894806
0,100,0.0,0.009990600374294445,0.061300728000998575
0,30,0.0,0.017176646824615695,0.06079027722859992
0,65,0.0,0.006429981173445972,0.060284905526249516
0,59,0.0,0.005610079810386366,0.05978456235635595
0,13,0.0,0.0034272406751719806,0.05928919768418531
0,19,0.0,0.012854341993500528,0.05879876197285753
0,100,0.0,0.01405162039620336,0.058313206178392835
0,47,0.0,0.008194856813791743,0.05783248174480709
0,81,0.0,0.018327939955023242,0.057356540599256385
0,100,0.0,0.007386693999869749,0.0568853351472295
0,100,0.0,0.014337180289439857,0.0564188182677886
0,100,0.0,0.006609642860712484,0.05595694330885694
0,56,0.0,0.021940015605650842,0.05549966408255377
0,15,0.0,0.025928059592843056,0.05504693486057535
0,32,0.0,0.038309228963044006,0.05459871036962222
0,100,0.0,0.03844239763566293,0.05415494578687179
0,100,0.0,0.020437606172636152,0.05371559673549593
0,100,0.0,0.022743418401223608,0.053280619280223436
0,1,0.0,0.006838098168373108,0.05284996992294624
0,32,0.0,0.01293066391008324,0.05242360559836979
0,71,0.0,0.015387645976709753,0.05200148366970627
0,1,0.0,0.006251241080462933,0.051583561924411096
0,100,0.0,0.01794587571406737,0.05116979856996143
0,86,0.0,0.014165529565679905,0.050760152229677065
0,100,0.0,0.016426686317427084,0.05035458193858255
0,100,0.0,0.00831533536198549,0.049953047139310834
0,2,0.0,0.013829001691192389,0.04955550767804736
0,37,0.0,0.014636981873647184,0.04916192380051474
0,100,0.0,0.020123240378452464,0.0487722561479972
0,100,0.0,0.009336581927491351,0.04838646575340479
0,100,0.0,0.007781751464353875,0.04800451403737654
0,3,0.0,0.015811941896875698,0.04762636280442257
0,18,0.0,0.0028532762662507594,0.04725197423910444
0,100,0.0,0.015363782118074596,0.04688131090225365
0,34,0.0,0.005341874452663914,0.046514335727227595
0,71,0.0,0.01131654912146779,0.046151012016203
0,100,0.0,0.009326761803822591,0.04579130343650595
0,100,0.0,0.00522451443830505,0.04543517401697875
0,100,0.0,0.004261851001065225,0.04508258814438266
0,100,0.0,0.008364669705042616,0.04473351055983658
0,100,0.0,0.010001846838276833,0.044387906355291176
0,100,0.0,0.00885599184082821,0.04404574097003798
0,31,0.0,0.006365706111424633,0.04370698018725335
0,51,0.0,0.01335179993846253,0.043371590130576676
0,100,0.0,0.010668769784970208,0.04303953726072282
0,60,0.0,0.014372846503586818,0.042710788372128064
0,87,0.0,0.006025107632305516,0.042385310589629625
0,100,0.0,0.020068670046166515,0.04206307136517797
0,94,0.0,0.004574329770006675,0.04174403847458216
0,100,0.0,0.016479231898556462,0.04142818001428726
0,57,0.0,0.01796179221077054,0.04111546439818403
0,100,0.0,0.02086008796817623,0.04080586035445025
0,31,0.0,0.029605241443571306,0.040499336922423565
0,100,0.0,0.020488340334268287,0.040195863449505306
0,100,0.0,0.021220678623067216,0.039895409588095315
0,74,0.0,0.043331941328565216,0.039597945292557044
0,41,0.0,0.01653177329202796,0.03930344081621308
0,100,0.0,0.027317164416890593,0.03901186670837034
0,100,0.0,0.02002587998751551,0.03872319381137508
0,100,0.0,0.01637843010481447,0.03843739325769703
0,100,0.0,0.018202058254973962,0.03815443646704266
0,100,0.0,0.015687875712756066,0.03787429514349709
0,32,0.0,0.018223361257696524,0.03759694127269454
0,100,0.0,0.011272103949449956,0.037322347119016795
0,69,0.0,0.007797716252937697,0.03705048522281963
0,50,0.0,0.011371179963462055,0.03678132839768691
0,50,0.0,0.0041436742409132424,0.036514849727711796
0,98,0.0,0.020747033083260213,0.03625102256480524
0,100,0.0,0.00587158040900249,0.03598982052603108
0,60,0.0,0.009881923171148325,0.0357312174909678
0,100,0.0,0.0084256409239606,0.03547518759909634
0,75,0.0,0.0251885557314381,0.035221705247214206
0,100,0.0,0.01922784522874281,0.03497074508687494
0,100,0.0,0.016779267827514557,0.034722282021853394
0,75,0.0,0.01256820497646307,0.034476291205635994
0,100,0.0,0.005367269528796896,0.034232748038936146
0,56,0.0,0.01637983839360199,0.0339916281672342
0,100,0.0,0.011295944089069962,0.03375290747834208
0,100,0.0,0.021998090154957028,0.033516562099991945
0,72,0.0,0.014488801832259115,0.03328256839744902
0,100,0.0,0.03043319287826307,0.03305090297114803
0,42,0.0,0.008782937348033079,0.03282154265435332
0,65,0.0,0.02591386543980871,0.03259446451084204
0,17,0.0,0.007506184608620756,0.03236964583261064
0,10,0.0,0.005501537024974823,0.03214706413760394
0,100,0.0,0.018168018362484873,0.03192669716746694
0,100,0.0,0.015288950013346039,0.031708522885318995
0,100,0.0,0.027630418692715465,0.031492519473550085
0,48,0.0,0.006473808949522208,0.031278665331639026
0,27,0.0,0.0349647660429279,0.031066939073993396
0,40,0.0,0.025791484344517814,0.030857319527811018
0,100,0.0,0.005193857362028212,0.030649785730962574
0,8,0.0,0.0029136158045730554,0.030444316929895437
0,100,0.0,0.020784725521225483,0.030240892577558277
0,68,0.0,0.01628391830223229,0.030039492331346347
0,100,0.0,0.008782807623501867,0.029840096051067175
0,100,0.0,0.013648286720272153,0.029642683796926583
0,100,0.0,0.01262067872681655,0.02944723582753464
0,15,0.0,0.005349285729850332,0.029253732597931535
0,100,0.0,0.013326905727153645,0.029062154757633053
0,39,0.0,0.0046789309305425445,0.02887248314869552
0,100,0.0,0.010710962351295166,0.028684698803799973
0,100,0.0,0.004854423580109141,0.02849878294435545
0,100,0.0,0.01283638195018284,0.02831471697862105
0,18,0.0,0.0076361029253651696,0.028132482499846838
0,100,0.0,0.012125730921979994,0.027952061284433068
0,19,0.0,0.008954357478375497,0.02777343529010782
0,100,0.0,0.013741782477591186,0.027596586654122846
0,100,0.0,0.007705678224447184,0.027421497691467157
0,100,0.0,0.020313044203212484,0.02724815089309858
0,100,0.0,0.009253662015544251,0.0270765289241928
0,100,0.0,0.008829393613850697,0.026906614622409945
0,100,0.0,0.017303201814647763,0.026738390996178224
0,65,0.0,0.01919475531277175,0.026571841222994823
0,100,0.0,0.007500814157538116,0.026406948647743643
0,100,0.0,0.014426121638389305,0.026243696781029717
0,21,0.0,0.028805120958990994,0.026082069297530375
0,100,0.0,0.00966667961445637,0.02592205003436255
0,100,0.0,0.01329338167561218,0.025763622989466578
0,8,0.0,0.007645955833140761,0.025606772320005942
0,81,0.0,0.012119876858950765,0.025451482340783003
0,16,0.0,0.008097178404568695,0.02529773752267042
0,100,0.0,0.013586579452967271,0.025145522491058264
0,100,0.0,0.018384907767176627,0.02499482202431651
0,100,0.0,0.016506782565265894,0.024845621052272927
0,46,0.0,0.005814881780205052,0.024697904654705963
0,100,0.0,0.016138315942371265,0.024551658059852766
0,100,0.0,0.01586484176805243,0.024406866642931964
0,100,0.0,0.014795984537340701,0.024263515924681227
0,100,0.0,0.012902954193996265,0.024121591569909263
0,100,0.0,0.010195566790062003,0.023981079386062323
0,100,0.0,0.009989299179287627,0.023841965321804916
0,17,0.0,0.005753661793492296,0.023704235465614704
0,62,0.0,0.014317406762030816,0.023567876044391298
0,100,0.0,0.011297953024040908,0.023432873422078924
0,100,0.0,0.011761443733703345,0.02329921409830285
0,19,0.0,0.004592836926397132,0.02316688470701933
0,100,0.0,0.009935526633635164,0.023035872015178954
0,100,0.0,0.008153075589798392,0.022906162921403357
0,100,0.0,0.008650507393758744,0.022777744454675064
0,47,0.0,0.009581086293923015,0.0226506037730404
0,100,0.0,0.010540490448474884,0.02252472816232525
0,100,0.0,0.011614216084126383,0.022400105034863643
0,100,0.0,0.010232075458625332,0.02227672192823897
0,36,0.0,0.0066289406838930314,0.02215456650403775
0,100,0.0,0.014747090566670522,0.022033626546615788
0,100,0.0,0.008842814437812194,0.021913889961876536
0,19,0.0,0.00994315356212227,0.02179534477606175
0,100,0.0,0.012936326700728387,0.02167797913455405
0,100,0.0,0.008594572899164632,0.021561781300691488
0,66,0.0,0.015759011749954272,0.02144673965459385
0,100,0.0,0.007146378465695307,0.021332842692000656
0,14,0.0,0.003827467261414443,0.021220079023120713
0,100,0.0,0.007417630626005121,0.02110843737149319
0,28,0.0,0.003392041294968554,0.02099790657285988
0,100,0.0,0.0074904709076508875,0.020888475574048812
0,100,0.0,0.0038131977431476115,0.020780133431868894
0,100,0.0,0.002892517897998914,0.020672869312015653
0,100,0.0,0.0045071898883907125,0.020566672487987697
0,100,0.0,0.004544550962164067,0.02046153234001413
0,100,0.0,0.0026051115978043527,0.02035743835399253
0,100,0.0,0.0032233546784846113,0.020254380120437558
0,100,0.0,0.0037030997942201793,0.02015234733343998
0,100,0.0,0.003887201831676066,0.020051329789636065
0,91,0.0,0.006995192676485813,0.01995131738718724
0,96,0.0,0.004765297369885957,0.019852300124769934
0,100,0.0,0.008526524627814069,0.019754268100575387
0,26,0.0,0.005761473050090269,0.019657211511319474
0,9,0.0,0.004903609605713023,0.0195611206512624
0,100,0.0,0.0050800636189524085,0.01946598591123807
0,100,0.0,0.00447828474920243,0.01937179777769322
0,100,0.0,0.0045718674513045695,0.019278546831735997
0,100,0.0,0.003684016222250648,0.019186223748194096
0,7,0.0,0.008312959955739123,0.01909481929468222
0,78,0.0,0.0054212716625979505,0.019004324330678855
0,100,0.0,0.00610067707602866,0.018914729806612192
0,100,0.0,0.006722675273194909,0.01882602676295516
0,100,0.0,0.0057642886461690065,0.018738206329329453
0,100,0.0,0.0051966469886247065,0.018651259723618557
0,35,0.0,0.008685545343905688,0.01856517825108943
0,100,0.0,0.007511577270925045,0.018479953303523082
0,100,0.0,0.005615802340907976,0.018395576358353725
0,12,0.0,0.003822876800162097,0.018312038977816556
0,80,0.0,0.004287430042313645,0.018229332808103887
0,74,0.0,0.003556000627262669,0.01814744957852983
0,100,0.0,0.003017703586956486,0.01806638110070318
0,10,0.0,0.00707182427868247,0.01798611926770862
0,11,0.0,0.007601708004420454,0.017906656053295947
0,100,0.0,0.00672867257380858,0.017827983511077505
0,66,0.0,0.005298712341975646,0.01775009377373351
0,100,0.0,0.00895416112150997,0.017672979052225327
0,100,0.0,0.009674284995999188,0.017596631635016534
0,100,0.0,0.0033374430931871757,0.01752104388730179
0,100,0.0,0.007426997748552822,0.017446208250243338
0,100,0.0,0.004944698569597676,0.017372117240215094
0,100,0.0,0.004602066722000018,0.01729876344805433
0,23,0.0,0.01251629248018498,0.0172261395383207
0,100,0.0,0.004577074249973521,0.017154238248562697
0,10,0.0,0.007491876371204853,0.017083052388591435
0,100,0.0,0.006305250289151445,0.017012574839761596
0,100,0.0,0.007819812421221286,0.01694279855425957
0,100,0.0,0.0073103381926193835,0.016873716554398652
0,100,0.0,0.005776601540856063,0.016805321931921288
