Strategy,Crossover,Mutation,Combo_Name,Mean_Fitness,Std_Fitness,Mean_Success_Rate,Mean_Steps
mu_plus_lambda,one_point,random_resetting,"mu_plus_lambda
one_point+random_resetting",108.59999999999998,1.4210854715202004e-14,1.0,14.0
mu_plus_lambda,one_point,swap,"mu_plus_lambda
one_point+swap",69.73333333333333,54.96576712423429,0.6666666666666666,42.666666666666664
mu_plus_lambda,one_point,insert,"mu_plus_lambda
one_point+insert",69.73333333333333,54.96576712423429,0.6666666666666666,42.666666666666664
mu_plus_lambda,one_point,scramble,"mu_plus_lambda
one_point+scramble",31.311111111111106,54.65420815578433,0.3333333333333333,71.33333333333333
mu_plus_lambda,one_point,inversion,"mu_plus_lambda
one_point+inversion",31.311111111111106,54.65420815578433,0.3333333333333333,71.33333333333333
mu_plus_lambda,two_point,random_resetting,"mu_plus_lambda
two_point+random_resetting",108.59999999999998,1.4210854715202004e-14,1.0,14.0
mu_plus_lambda,two_point,swap,"mu_plus_lambda
two_point+swap",108.59999999999998,1.4210854715202004e-14,1.0,14.0
mu_plus_lambda,two_point,insert,"mu_plus_lambda
two_point+insert",30.379894179894176,55.310119093132215,0.3333333333333333,71.33333333333333
mu_plus_lambda,two_point,scramble,"mu_plus_lambda
two_point+scramble",-6.666666666666667,8.881784197001252e-16,0.0,100.0
mu_plus_lambda,two_point,inversion,"mu_plus_lambda
two_point+inversion",30.8,54.87148622007609,0.3333333333333333,72.0
mu_plus_lambda,uniform,random_resetting,"mu_plus_lambda
uniform+random_resetting",108.59999999999998,1.4210854715202004e-14,1.0,14.0
mu_plus_lambda,uniform,swap,"mu_plus_lambda
uniform+swap",69.73333333333333,54.96576712423429,0.6666666666666666,42.666666666666664
mu_plus_lambda,uniform,insert,"mu_plus_lambda
uniform+insert",31.244444444444444,54.55993193580346,0.3333333333333333,72.0
mu_plus_lambda,uniform,scramble,"mu_plus_lambda
uniform+scramble",31.75555555555555,54.337227763179584,0.3333333333333333,71.33333333333333
mu_plus_lambda,uniform,inversion,"mu_plus_lambda
uniform+inversion",31.311111111111106,54.65420815578433,0.3333333333333333,71.33333333333333
mu_comma_lambda,one_point,random_resetting,"mu_comma_lambda
one_point+random_resetting",70.17777777777778,54.337227763179584,0.6666666666666666,42.666666666666664
mu_comma_lambda,one_point,swap,"mu_comma_lambda
one_point+swap",31.755555555555556,54.337227763179584,0.3333333333333333,71.33333333333333
mu_comma_lambda,one_point,insert,"mu_comma_lambda
one_point+insert",-8.023809523809524,0.43773276930595784,0.0,100.0
mu_comma_lambda,one_point,scramble,"mu_comma_lambda
one_point+scramble",30.676190476190474,55.10094796934243,0.3333333333333333,71.33333333333333
mu_comma_lambda,one_point,inversion,"mu_comma_lambda
one_point+inversion",-6.5555555555555545,1.227262335243029,0.0,100.0
mu_comma_lambda,two_point,random_resetting,"mu_comma_lambda
two_point+random_resetting",108.59999999999998,1.4210854715202004e-14,1.0,14.0
mu_comma_lambda,two_point,swap,"mu_comma_lambda
two_point+swap",108.59999999999998,1.4210854715202004e-14,1.0,14.0
mu_comma_lambda,two_point,insert,"mu_comma_lambda
two_point+insert",-8.023809523809524,0.4377327693059579,0.0,100.0
mu_comma_lambda,two_point,scramble,"mu_comma_lambda
two_point+scramble",-7.388888888888888,0.5499719409228706,0.0,100.0
mu_comma_lambda,two_point,inversion,"mu_comma_lambda
two_point+inversion",31.75555555555555,54.337227763179584,0.3333333333333333,71.33333333333333
mu_comma_lambda,uniform,random_resetting,"mu_comma_lambda
uniform+random_resetting",108.59999999999998,1.4210854715202004e-14,1.0,14.0
mu_comma_lambda,uniform,swap,"mu_comma_lambda
uniform+swap",108.53333333333335,0.09428090415820098,1.0,14.666666666666666
mu_comma_lambda,uniform,insert,"mu_comma_lambda
uniform+insert",31.311111111111106,54.65420815578433,0.3333333333333333,71.33333333333333
mu_comma_lambda,uniform,scramble,"mu_comma_lambda
uniform+scramble",32.31111111111111,53.94868160496214,0.3333333333333333,71.33333333333333
mu_comma_lambda,uniform,inversion,"mu_comma_lambda
uniform+inversion",31.75555555555555,54.337227763179584,0.3333333333333333,71.33333333333333
