rewards,steps,success_rate,epsilon
0,5,0.0,1.0
0,1,0.0,1.0
0,22,0.0,0.9950623544007555
0,4,0.0,0.9901493354116764
0,36,0.0,0.985260820207032
0,2,0.0,0.9803966865736877
0,2,0.0,0.9755568129080493
0,4,0.0,0.970741078213023
0,4,0.0,0.9659493620949908
0,1,0.0,0.9611815447608
0,6,0.0,0.9564375070147689
0,31,0.0,0.9517171302557069
0,12,0.0,0.947020296473949
0,5,0.0,0.9423468882484062
0,2,0.0,0.9376967887436294
0,7,0.0,0.9330698817068888
0,15,0.0,0.9284660514652673
0,5,0.0,0.9238851829227694
0,2,0.0,0.9193271615574428
0,1,0.0,0.9147918734185159
0,5,0.0,0.9102792051235491
0,1,0.0,0.9057890438555999
0,2,0.0,0.9013212773604029
0,13,0.0,0.896875793943563
0,6,0.0,0.892452482467763
0,1,0.0,0.888051232349986
0,2,0.0,0.8836719335587495
0,8,0.0,0.8793144766113556
0,4,0.0,0.8749787525711541
0,4,0.0,0.8706646530448178
0,1,0.0,0.8663720701796339
0,9,0.0,0.8621008966608072
0,13,0.0,0.8578510257087774
0,8,0.0,0.8536223510765493
0,17,0.0,0.8494147670470367
0,9,0.0,0.8452281684304199
0,16,0.0,0.8410624505615153
0,3,0.0,0.8369175092971592
0,12,0.0,0.8327932410136044
0,1,0.0,0.8286895426039287
0,1,0.0,0.8246063114754583
0,6,0.0,0.820543445547202
0,1,0.0,0.8165008432473004
0,16,0.0,0.8124784035104852
0,14,0.0,0.8084760257755536
0,2,0.0,0.8044936099828537
0,14,0.0,0.8005310565717833
0,1,0.0,0.7965882664783007
0,3,0.0,0.7926651411324482
0,8,0.0,0.7887615824558879
0,3,0.0,0.7848774928594494
0,7,0.0,0.7810127752406908
0,2,0.0,0.7771673329814701
0,14,0.0,0.7733410699455306
0,12,0.0,0.7695338904760971
0,1,0.0,0.7657456993934846
0,2,0.0,0.7619764019927188
0,3,0.0,0.7582259040411682
0,15,0.0,0.7544941117761887
0,3,0.0,0.7507809319027796
0,1,0.0,0.7470862715912503
0,2,0.0,0.7434100384749007
0,14,0.0,0.7397521406477116
0,7,0.0,0.7361124866620463
0,1,0.0,0.7324909855263663
0,5,0.0,0.7288875467029541
0,21,0.0,0.7253020801056514
0,3,0.0,0.7217344960976069
0,1,0.0,0.7181847054890343
0,12,0.0,0.7146526195349836
0,7,0.0,0.711138149933122
0,1,0.0,0.7076412088215263
0,7,0.0,0.7041617087764868
0,8,0.0,0.7006995628103208
0,9,0.0,0.6972546843691991
0,15,0.0,0.6938269873309811
0,1,0.0,0.6904163860030625
0,7,0.0,0.6870227951202322
0,3,0.0,0.6836461298425418
0,3,0.0,0.680286305753183
0,5,0.0,0.676943238856379
0,1,0.0,0.6736168455752829
0,17,0.0,0.6703070427498896
0,22,0.0,0.6670137476349562
0,14,0.0,0.663736877897933
0,7,0.0,0.6604763516169062
0,3,0.0,0.6572320872785489
0,20,0.0,0.6540040037760834
0,10,0.0,0.6507920204072543
0,6,0.0,0.64759605687231
0,7,0.0,0.6444160332719956
0,3,0.0,0.6412518701055556
0,23,0.0,0.638103488268746
0,3,0.0,0.6349708090518567
0,2,0.0,0.6318537541377444
0,12,0.0,0.6287522455998737
0,7,0.0,0.6256662059003698
0,1,0.0,0.6225955578880794
0,1,0.0,0.6195402247966423
0,4,0.0,0.616500130242572
0,18,0.0,0.6134751982233462
0,1,0.0,0.6104653531155071
0,15,0.0,0.6074705196727701
0,8,0.0,0.6044906230241432
0,10,0.0,0.6015255886720551
0,4,0.0,0.5985753424904925
0,1,0.0,0.595639810723147
0,1,0.0,0.5927189199815717
0,18,0.0,0.5898125972433458
0,6,0.0,0.5869207698502498
0,19,0.0,0.5840433655064479
0,3,0.0,0.5811803122766818
0,10,0.0,0.5783315385844716
0,5,0.0,0.5754969732103268
0,12,0.0,0.572676545289965
0,1,0.0,0.5698701843125418
0,4,0.0,0.5670778201188862
1,25,0.01,0.564299382899748
0,20,0.01,0.5615348031940521
0,31,0.01,0.558784011887162
1,39,0.02,0.5560469402091515
0,1,0.02,0.5533235197330862
0,14,0.02,0.5506136823733123
0,12,0.02,0.5479173603837548
0,14,0.02,0.5452344863562234
1,28,0.03,0.5425649932187278
0,7,0.03,0.5399088142338003
0,1,0.03,0.5372658829968282
0,17,0.03,0.5346361334343929
0,16,0.03,0.5320194998026181
0,3,0.03,0.529415916685527
0,14,0.03,0.5268253189934059
0,6,0.03,0.5242476419611777
0,9,0.03,0.5216828211467822
0,8,0.03,0.5191307924295656
0,33,0.03,0.516591492008677
0,20,0.03,0.5140648564014737
0,15,0.03,0.5115508224419336
0,28,0.03,0.5090493272790773
0,1,0.03,0.5065603083753949
0,4,0.03,0.5040837035052845
0,8,0.03,0.5016194507534953
0,1,0.03,0.4991674885135803
0,5,0.03,0.49672775548635545
0,12,0.03,0.4943001906783682
0,16,0.03,0.491884733400372
0,51,0.03,0.48948132326580884
0,1,0.03,0.48708990018930043
0,15,0.03,0.4847104043851452
0,5,0.03,0.48234277636582407
0,6,0.03,0.4799869569405133
0,5,0.03,0.47764288721360454
1,36,0.04,0.4753105085832326
0,3,0.04,0.47298976273981014
0,12,0.04,0.47068059166457027
0,13,0.04,0.4683829376281158
0,13,0.04,0.46609674318897615
0,7,0.04,0.4638219511921713
0,10,0.04,0.4615585047677828
0,11,0.04,0.4593063473295323
0,7,0.04,0.4570654225733663
1,39,0.05,0.45483567447604933
0,13,0.05,0.45261704729376284
0,25,0.05,0.4504094855607117
0,15,0.05,0.4482129340877376
0,23,0.05,0.44602733796093924
0,12,0.05,0.4438526425402997
1,27,0.06,0.4416887934583202
0,16,0.06,0.439535736618661
0,27,0.06,0.43739341819478894
1,14,0.07,0.43526178462863174
0,16,0.07,0.43314078262923944
0,10,0.07,0.4310303591714514
0,12,0.07,0.4289304614945713
1,17,0.08,0.426841037101048
0,8,0.08,0.42476203375516264
0,9,0.08,0.4226933994817233
0,8,0.08,0.42063508256476556
0,3,0.08,0.4185870315462592
0,3,0.08,0.41654919522482203
0,8,0.08,0.41452152265444
0,11,0.08,0.4125039631431931
0,1,0.08,0.4104964662519886
0,14,0.08,0.40849898179329963
1,18,0.09,0.4065114598299106
0,15,0.09,0.404533850673669
0,3,0.09,0.40256610488424294
0,6,0.09,0.40060817326788506
0,5,0.09,0.3986600068762032
0,5,0.09,0.3967215570049359
1,20,0.1,0.3947927751927355
0,11,0.1,0.3928736132199562
1,16,0.11,0.39096402310744877
1,42,0.12,0.38906395711536096
0,7,0.12,0.3871733677419439
0,22,0.12,0.38529220772236483
0,7,0.12,0.3834204300275254
0,17,0.12,0.3815579878628856
0,7,0.12,0.3797048346672943
1,18,0.13,0.37786092411182526
0,7,0.13,0.3760262100986184
0,13,0.13,0.3742006467597279
0,4,0.13,0.3723841884559752
0,14,0.13,0.3705767897758081
0,12,0.13,0.36877840553416535
1,22,0.14,0.3669889907713475
0,11,0.14,0.3652085007518921
0,1,0.14,0.36343689096345594
0,2,0.14,0.361674117115702
0,5,0.14,0.35992013513919235
0,1,0.14,0.35817490118428624
0,9,0.14,0.35643837162004377
0,7,0.14,0.3547105030331356
0,13,0.14,0.3529912522267568
0,18,0.14,0.351280576219548
1,19,0.15,0.34957843224451957
1,14,0.16,0.34788477774798376
0,8,0.15,0.34619957038848975
0,15,0.15,0.3445227680357659
0,6,0.15,0.34285432876966604
0,9,0.14,0.34119421087912155
0,8,0.14,0.3395423728610988
0,12,0.14,0.33789877341956115
0,9,0.14,0.3362633714644372
0,34,0.14,0.3346361261105927
0,1,0.13,0.33301699667680906
1,16,0.14,0.33140594268476625
0,8,0.14,0.3298029238580304
0,6,0.14,0.32820790012104745
0,5,0.14,0.3266208315981408
0,13,0.14,0.32504167861251493
0,13,0.14,0.32347040168526264
0,12,0.14,0.3219069615343792
1,14,0.15,0.3203513190737793
0,12,0.15,0.31880343541232026
0,19,0.15,0.3172632718528302
0,9,0.15,0.3157307898911397
0,8,0.15,0.31420595121511996
1,16,0.16,0.31268871770372464
0,16,0.16,0.311179051426037
0,5,0.16,0.30967691464032143
0,5,0.16,0.3081822697930801
1,21,0.17,0.30669507951811387
0,14,0.17,0.3052153066355885
0,1,0.17,0.3037429141511048
0,9,0.17,0.30227786525477407
1,16,0.18,0.30082012332029745
0,11,0.18,0.29936965190405085
0,4,0.18,0.29792641474417303
0,10,0.18,0.29649037575966014
1,18,0.19,0.29506149904946255
1,18,0.2,0.29363974889158817
1,19,0.2,0.292225089742209
0,3,0.2,0.2908174862347727
0,5,0.2,0.28941690317911806
1,16,0.21,0.28802330556059597
1,18,0.22,0.28663665853919323
0,14,0.22,0.2852569274486622
0,9,0.22,0.2838840777956537
1,21,0.23,0.2825180752588548
1,16,0.24,0.28115888568813113
1,16,0.24,0.27980647510367246
1,18,0.25,0.2784608096951439
1,22,0.26,0.2771218558208399
0,5,0.26,0.2757895800068442
0,15,0.26,0.27446394894619186
1,16,0.27,0.2731449294980373
1,16,0.27,0.27183248868682575
0,16,0.27,0.2705265937014684
1,18,0.28,0.26922721189452276
0,13,0.27,0.26793431078137586
1,18,0.28,0.2666478580394326
0,8,0.28,0.2653678215073074
1,15,0.29,0.26409416918402034
0,1,0.28,0.2628268692281969
0,9,0.28,0.26156588995727226
0,9,0.28,0.260311199846699
0,2,0.28,0.2590627675291589
0,9,0.28,0.25782056179377916
1,16,0.29,0.2565845515853515
1,16,0.3,0.2553547060035565
1,14,0.31,0.2541309943021904
0,12,0.31,0.25291338588839707
0,5,0.31,0.25170185032190273
1,22,0.31,0.250496357314255
0,3,0.31,0.24929687672806608
1,14,0.32,0.24810337857625872
0,4,0.32,0.246915833021317
1,20,0.33,0.24573421037454016
1,18,0.34,0.24455848109530054
1,20,0.34,0.24338861579030488
1,16,0.35,0.2422245852128597
0,1,0.34,0.24106636026213982
1,18,0.34,0.23991391198246126
0,10,0.34,0.2387672115625569
0,18,0.34,0.2376262303348566
0,8,0.34,0.2364909397747702
1,20,0.35,0.2353613114999746
0,11,0.35,0.23423731726970407
1,19,0.35,0.23311892898404435
0,7,0.35,0.23200611868322998
0,1,0.35,0.23089885854694553
1,16,0.36,0.22979712089362989
0,3,0.36,0.22870087817978443
0,3,0.36,0.22761010299928408
1,15,0.36,0.22652476808269262
0,12,0.36,0.22544484629658051
1,16,0.37,0.22437031064284702
1,23,0.38,0.22330113425804463
1,18,0.39,0.22223729041270818
0,15,0.39,0.22117875251068608
0,14,0.39,0.22012549408847562
0,2,0.39,0.21907748881456146
0,12,0.39,0.21803471048875708
0,13,0.39,0.2169971330415501
0,13,0.38,0.21596473053345028
0,1,0.37,0.21493747715434114
1,18,0.38,0.21391534722283462
1,16,0.39,0.21289831518562935
0,12,0.39,0.2118863556168713
1,16,0.4,0.21087944321751864
1,17,0.41,0.20987755281470882
1,16,0.42,0.20888065936112976
1,14,0.43,0.20788873793439305
1,14,0.44,0.20690176373641142
0,5,0.44,0.2059197120927785
1,18,0.44,0.20494255845215212
1,15,0.45,0.20397027838564025
0,4,0.45,0.2030028475861907
1,14,0.46,0.20204024186798297
1,14,0.47,0.2010824371658241
0,16,0.47,0.20012940953454655
0,10,0.47,0.19918113514841002
0,5,0.46,0.1982375903005053
1,17,0.47,0.19729875140216221
1,14,0.48,0.19636459498235934
1,14,0.49,0.19543509768713746
1,14,0.5,0.19451023627901587
1,14,0.5,0.19358998763641116
1,17,0.51,0.19267432875305937
1,14,0.52,0.1917632367374407
0,24,0.52,0.19085668881220733
1,20,0.52,0.18995466231361383
0,1,0.52,0.1890571346909509
0,14,0.52,0.18816408350598107
1,18,0.53,0.1872754864323783
1,14,0.53,0.18639132125516944
1,18,0.54,0.18551156587017906
1,16,0.55,0.1846361982834766
0,14,0.55,0.1837651966108269
0,11,0.54,0.18289853907714276
1,14,0.54,0.1820362040159407
0,12,0.53,0.1811781698687992
1,16,0.54,0.18032441518482004
0,3,0.54,0.1794749186200915
1,14,0.54,0.17862965893715535
0,8,0.53,0.17778861500447538
0,3,0.53,0.17695176579590954
1,17,0.54,0.176119090390184
1,16,0.54,0.1752905679703703
1,14,0.54,0.17446617782336474
1,16,0.54,0.17364589933937066
0,9,0.53,0.17282971201138336
0,1,0.52,0.172017595434677
1,24,0.53,0.171209529306295
1,18,0.54,0.17040549342454195
0,3,0.53,0.169605467688479
1,16,0.53,0.16880943209742102
1,14,0.54,0.16801736675043685
1,20,0.54,0.16722925184585147
0,13,0.54,0.16644506768075132
1,14,0.54,0.16566479465049133
0,5,0.54,0.1648884132482052
1,18,0.54,0.16411590406431734
0,8,0.54,0.16334724778605797
1,16,0.55,0.1625824251969801
1,16,0.56,0.1618214171764792
1,16,0.57,0.16106420469931504
1,14,0.58,0.16031076883513629
0,1,0.57,0.15956109074800714
1,15,0.57,0.15881515169593632
1,16,0.57,0.1580729330304087
0,1,0.57,0.15733441619591898
1,14,0.58,0.15659958272950783
1,14,0.58,0.15586841426030032
0,8,0.58,0.15514089250904667
1,16,0.58,0.15441699928766509
1,16,0.59,0.1536967164987875
1,14,0.59,0.15298002613530656
1,16,0.59,0.1522669102799259
0,12,0.58,0.15155735110471197
1,16,0.58,0.15085133087064845
0,8,0.58,0.1501488319271927
1,18,0.58,0.14944983671183457
1,14,0.59,0.14875432774965722
1,23,0.6,0.14806228765290044
1,16,0.61,0.1473736991205257
1,16,0.61,0.1466885449377839
1,16,0.62,0.1460068079757847
1,16,0.62,0.14532847119106862
1,14,0.63,0.14465351762518067
0,14,0.63,0.1439819304042466
1,20,0.63,0.1433136927385508
1,16,0.64,0.14264878792211688
1,16,0.65,0.14198719933228987
1,16,0.65,0.1413289104293205
1,22,0.66,0.14067390475595193
0,3,0.65,0.14002216593700811
1,18,0.65,0.1393736776789848
1,16,0.65,0.13872842376964165
0,13,0.65,0.13808638807759738
1,16,0.66,0.1374475545519262
1,17,0.67,0.13681190722175668
1,14,0.68,0.13617943019587256
1,16,0.69,0.13555010766231515
0,12,0.69,0.13492392388798838
1,14,0.7,0.13430086321826523
1,16,0.7,0.13368091007659658
1,17,0.7,0.13306404896412158
1,14,0.71,0.1324502644592803
1,18,0.71,0.13183954121742802
1,14,0.71,0.13123186397045208
1,14,0.71,0.13062721752638956
0,1,0.7,0.13002558676904785
1,14,0.7,0.12942695665762668
1,18,0.71,0.12883131222634217
1,16,0.71,0.12823863858405243
1,16,0.71,0.12764892091388555
1,16,0.72,0.12706214447286904
0,12,0.71,0.1264782945915614
1,14,0.71,0.1258973566736851
0,11,0.71,0.125319316195762
1,15,0.72,0.12474415870674994
0,13,0.72,0.12417186982768189
1,17,0.72,0.12360243525130596
1,14,0.72,0.12303584074172813
0,9,0.71,0.12247207213405607
1,18,0.71,0.12191111533404535
1,16,0.71,0.12135295631774667
1,19,0.71,0.12079758113115559
1,14,0.71,0.12024497588986349
1,15,0.72,0.11969512677871053
1,18,0.72,0.11914802005144036
1,16,0.73,0.11860364203035628
1,18,0.74,0.11806197910597942
1,14,0.74,0.11752301773670837
1,14,0.74,0.11698674444848096
1,18,0.74,0.116453145834437
1,22,0.74,0.11592220855458334
1,14,0.75,0.11539391933546027
1,16,0.76,0.1148682649698099
0,8,0.75,0.11434523231624569
1,17,0.76,0.11382480829892404
1,14,0.76,0.11330697990721733
1,14,0.77,0.11279173419538895
1,15,0.77,0.1122790582822692
0,9,0.77,0.11176893935093353
1,16,0.78,0.11126136464838206
1,14,0.78,0.11075632148522088
1,16,0.78,0.11025379723534455
1,14,0.78,0.1097537793356207
1,14,0.78,0.10925625528557566
1,16,0.79,0.10876121264708244
1,16,0.8,0.1082686390440492
1,16,0.8,0.10777852216211022
1,14,0.8,0.10729084974831793
1,14,0.81,0.10680560961083654
1,20,0.81,0.10632278961863742
0,12,0.8,0.1058423777011956
1,14,0.8,0.10536436184818809
1,16,0.81,0.10488873010919365
1,14,0.81,0.10441547059339411
1,16,0.82,0.10394457146927688
1,14,0.82,0.10347602096433932
1,16,0.83,0.10300980736479438
1,14,0.83,0.10254591901527788
0,5,0.82,0.10208434431855685
1,14,0.82,0.10162507173523985
0,1,0.81,0.10116808978348833
1,14,0.82,0.10071338703872978
1,16,0.82,0.10026095213337187
1,16,0.82,0.09981077375651838
0,3,0.82,0.09936284065368642
1,16,0.82,0.09891714162652515
0,15,0.81,0.09847366553253566
1,14,0.82,0.09803240128479247
1,14,0.82,0.09759333785166639
1,14,0.82,0.09715646425654882
0,12,0.81,0.09672176957757705
1,14,0.81,0.09628924294736148
1,15,0.82,0.09585887355271383
1,16,0.82,0.09543065063437678
1,19,0.83,0.09500456348675515
1,16,0.83,0.09458060145764802
0,17,0.82,0.09415875394798257
0,8,0.81,0.09373901041154904
1,14,0.81,0.09332136035473725
1,14,0.81,0.092905793336274
0,5,0.8,0.09249229896696216
1,18,0.8,0.09208086690942092
1,16,0.8,0.09167148687782753
1,16,0.81,0.0912641486376598
1,15,0.81,0.09085884200544052
1,15,0.81,0.09045555684848275
1,14,0.81,0.09005428308463662
1,14,0.81,0.08965501068203711
1,19,0.81,0.08925772965885333
1,14,0.82,0.08886243008303903
1,16,0.82,0.08846910207208424
1,14,0.82,0.08807773579276819
1,14,0.83,0.08768832146091352
1,14,0.83,0.08730084934114159
1,16,0.83,0.08691530974662932
1,14,0.83,0.08653169303886674
0,14,0.82,0.08614998962741616
1,16,0.83,0.0857701899696724
1,18,0.83,0.08539228457062421
1,14,0.83,0.08501626398261702
1,14,0.83,0.08464211880511648
1,15,0.83,0.0842698396844737
1,16,0.83,0.0838994173136912
0,5,0.82,0.08353084243219053
1,17,0.82,0.08316410582558038
0,8,0.82,0.08279919832542652
1,16,0.82,0.08243611080902238
1,20,0.82,0.08207483419916123
1,16,0.82,0.08171535946390894
1,14,0.82,0.08135767761637844
1,16,0.82,0.08100177971450485
0,9,0.82,0.08064765686082219
1,19,0.82,0.08029530020224061
1,14,0.83,0.0799447009298253
1,14,0.83,0.07959585027857616
1,15,0.84,0.0792487395272088
1,14,0.84,0.07890335999793632
1,14,0.84,0.07855970305625253
1,14,0.85,0.07821776011071592
1,14,0.85,0.07787752261273513
1,16,0.85,0.07753898205635494
1,18,0.85,0.07720212997804382
0,10,0.84,0.07686695795648227
1,16,0.84,0.07653345761235225
1,14,0.84,0.07620162060812787
1,14,0.84,0.07587143864786668
0,8,0.83,0.0755429034770025
1,14,0.83,0.07521600688213892
1,14,0.83,0.07489074069084409
1,16,0.83,0.07456709677144624
1,14,0.83,0.07424506703283057
0,13,0.82,0.07392464342423678
1,14,0.82,0.07360581793505805
1,18,0.83,0.0732885825946405
1,16,0.83,0.07297292947208409
1,14,0.83,0.07265885067604429
1,14,0.83,0.07234633835453491
1,14,0.83,0.07203538469473161
0,1,0.83,0.0717259819227767
1,16,0.83,0.0714181223035847
1,18,0.83,0.0711117981406492
1,16,0.83,0.07080700177585013
1,17,0.83,0.07050372558926248
1,16,0.83,0.07020196199896576
1,14,0.83,0.06990170346085459
1,14,0.83,0.06960294246844981
1,14,0.83,0.06930567155271106
1,14,0.83,0.06900988328184997
1,14,0.83,0.06871557026114433
0,7,0.82,0.06842272513275337
1,14,0.83,0.06813134057553356
1,16,0.83,0.06784140930485581
1,16,0.83,0.06755292407242325
1,15,0.83,0.06726587766609007
1,14,0.83,0.06698026290968115
1,14,0.83,0.06669607266281269
1,16,0.83,0.06641329982071369
1,14,0.83,0.06613193731404843
1,14,0.84,0.06585197810873958
1,14,0.84,0.06557341520579238
1,14,0.85,0.06529624164111977
0,12,0.84,0.06502045048536823
1,14,0.84,0.06474603484374447
1,14,0.84,0.06447298785584316
1,14,0.85,0.06420130269547536
1,14,0.85,0.06393097257049796
1,14,0.86,0.06366199072264372
0,5,0.85,0.06339435042735246
0,8,0.84,0.0631280449936028
1,14,0.84,0.06286306776374512
1,14,0.85,0.06259941211333479
1,14,0.85,0.06233707145096687
1,14,0.85,0.062076039218111105
1,16,0.85,0.06181630888894806
0,12,0.84,0.06155787397020603
1,18,0.84,0.061300728000998575
1,14,0.85,0.06104486455266306
1,16,0.86,0.06079027722859992
1,14,0.86,0.06053695966411285
0,3,0.85,0.060284905526249516
1,14,0.86,0.06003410851364335
1,16,0.86,0.05978456235635595
1,15,0.86,0.059536260815720415
1,14,0.86,0.05928919768418531
1,14,0.86,0.059043366785159444
1,14,0.86,0.05879876197285753
0,13,0.85,0.05855537713214656
1,14,0.85,0.058313206178392835
1,14,0.85,0.058072243057309875
1,14,0.85,0.05783248174480709
1,17,0.85,0.057593916246839225
1,14,0.85,0.057356540599256385
1,14,0.85,0.05712034886765501
0,9,0.84,0.0568853351472295
1,14,0.84,0.05665149356262463
1,14,0.84,0.0564188182677886
1,17,0.85,0.05618730344582691
1,14,0.85,0.05595694330885694
1,16,0.85,0.0557277320978633
1,16,0.85,0.05549966408255377
1,14,0.85,0.05527273356121607
1,14,0.85,0.05504693486057535
1,14,0.85,0.054822262335652336
1,14,0.86,0.05459871036962222
1,14,0.86,0.054376273373674205
1,14,0.87,0.05415494578687179
1,14,0.87,0.05393472207601377
1,14,0.87,0.05371559673549593
1,14,0.87,0.053497564287173345
1,14,0.87,0.053280619280223436
1,14,0.87,0.05306475629100971
1,16,0.88,0.05284996992294624
1,14,0.88,0.052636254806362616
1,14,0.88,0.05242360559836979
1,15,0.88,0.052212016982726456
1,16,0.88,0.05200148366970627
1,14,0.88,0.051792000395965404
1,15,0.88,0.051583561924411096
1,14,0.88,0.0513761630440707
1,14,0.88,0.05116979856996143
1,14,0.88,0.05096446334296068
1,16,0.88,0.050760152229677065
1,16,0.89,0.0505568601223221
1,14,0.89,0.05035458193858255
1,14,0.89,0.050153312621493265
1,14,0.89,0.049953047139310834
1,14,0.9,0.04975378048538778
0,5,0.89,0.04955550767804736
1,14,0.89,0.04935822376045909
1,14,0.89,0.04916192380051474
1,14,0.89,0.04896660289070509
1,14,0.9,0.0487722561479972
1,14,0.9,0.04857887871371241
1,14,0.9,0.04838646575340479
1,14,0.9,0.0481950124567403
1,14,0.9,0.04800451403737654
1,14,0.9,0.04781496573284313
1,14,0.9,0.04762636280442257
1,14,0.91,0.047438700537031836
1,14,0.91,0.04725197423910444
1,14,0.91,0.04706617924247325
1,14,0.91,0.04688131090225365
1,14,0.91,0.046697364596727506
1,20,0.91,0.046514335727227595
1,16,0.91,0.04633221971802267
1,14,0.91,0.046151012016203
1,14,0.91,0.0459707080915666
1,14,0.91,0.04579130343650595
0,1,0.9,0.04561279356589536
1,14,0.91,0.04543517401697875
0,5,0.9,0.04525844034925815
1,14,0.9,0.04508258814438266
1,14,0.9,0.04490761300603798
1,14,0.9,0.04473351055983658
1,14,0.9,0.0445602764532082
0,9,0.89,0.044387906355291176
1,16,0.89,0.04421639595682406
1,14,0.89,0.04404574097003798
1,18,0.89,0.043875937128549376
0,10,0.88,0.04370698018725335
1,14,0.88,0.043538865922217576
1,14,0.89,0.043371590130576676
1,16,0.89,0.043205148630427154
1,16,0.89,0.04303953726072282
0,12,0.88,0.04287475188117081
1,14,0.88,0.042710788372128064
1,14,0.88,0.04254764263449832
1,14,0.89,0.042385310589629625
1,14,0.9,0.042223788179212386
1,16,0.9,0.04206307136517797
1,14,0.9,0.041903156129597635
1,14,0.9,0.04174403847458216
1,14,0.9,0.04158571442218188
1,14,0.9,0.04142818001428726
1,14,0.91,0.04127143131252988
1,14,0.91,0.04111546439818403
1,14,0.91,0.04096027537206874
1,14,0.91,0.04080586035445025
1,14,0.91,0.04065221548494511
1,14,0.92,0.040499336922423565
0,3,0.91,0.04034722084491359
0,8,0.9,0.040195863449505306
1,15,0.9,0.04004526095225598
1,14,0.9,0.039895409588095315
1,14,0.9,0.039746305610731406
1,14,0.9,0.039597945292557044
1,14,0.91,0.03945032492455657
0,9,0.9,0.03930344081621308
1,14,0.9,0.03915728929541622
1,16,0.9,0.03901186670837034
1,14,0.9,0.03886716941950322
1,16,0.9,0.03872319381137508
1,14,0.9,0.03857993628458824
1,14,0.91,0.03843739325769703
1,14,0.91,0.038295561167118394
1,14,0.91,0.03815443646704266
1,16,0.91,0.038014015629344984
1,14,0.91,0.03787429514349709
1,14,0.91,0.03773527151647959
1,14,0.91,0.03759694127269454
1,14,0.91,0.037459300953878664
1,14,0.91,0.037322347119016795
1,14,0.91,0.037186076344255935
1,14,0.91,0.03705048522281963
1,15,0.91,0.03691557036492278
0,12,0.9,0.03678132839768691
1,15,0.9,0.03664775596505583
1,14,0.9,0.036514849727711796
1,14,0.9,0.03638260636299193
1,16,0.9,0.03625102256480524
1,14,0.9,0.0361200950435499
1,14,0.9,0.03598982052603108
1,14,0.9,0.03586019575537905
1,14,0.9,0.0357312174909678
1,14,0.9,0.03560288250833397
1,14,0.9,0.03547518759909634
1,14,0.9,0.035348129570875526
1,14,0.9,0.035221705247214206
1,14,0.9,0.03509591146749768
1,14,0.9,0.03497074508687494
1,14,0.9,0.03484620297617993
1,14,0.9,0.034722282021853394
1,14,0.9,0.034598979125865015
1,14,0.9,0.034476291205635994
1,14,0.9,0.034354215193961916
1,14,0.9,0.034232748038936146
1,14,0.9,0.03411188670387347
1,14,0.91,0.0339916281672342
1,14,0.91,0.0338719694225487
1,14,0.91,0.03375290747834208
1,14,0.91,0.03363443935805956
0,1,0.9,0.033516562099991945
1,14,0.9,0.033399272757201656
1,14,0.9,0.03328256839744902
1,14,0.9,0.033166446103118946
1,14,0.9,0.03305090297114803
1,14,0.9,0.032935936112951966
1,14,0.9,0.03282154265435332
1,14,0.9,0.03270771973550964
1,14,0.9,0.03259446451084204
1,14,0.9,0.03248177414896402
0,9,0.89,0.03236964583261064
1,14,0.89,0.03225807675856818
1,14,0.89,0.03214706413760394
0,1,0.88,0.03203660519439664
1,14,0.88,0.03192669716746694
1,14,0.88,0.03181733730910845
1,14,0.88,0.031708522885318995
1,14,0.89,0.031600251175732334
1,14,0.89,0.031492519473550085
1,14,0.9,0.03138532508547408
1,14,0.9,0.031278665331639026
1,14,0.9,0.03117253754554552
0,9,0.89,0.031066939073993396
1,14,0.89,0.030961867277015366
1,14,0.9,0.030857319527811018
1,14,0.9,0.03075329321268118
1,14,0.9,0.030649785730962574
1,14,0.9,0.030546794494962747
1,14,0.91,0.030444316929895437
1,14,0.91,0.030342350473816185
1,14,0.91,0.030240892577558277
1,14,0.91,0.03013994070466903
1,14,0.91,0.030039492331346347
1,14,0.92,0.029939544946375664
1,14,0.92,0.029840096051067175
1,14,0.92,0.029741143159193295
1,14,0.92,0.029642683796926583
1,14,0.92,0.029544715502777846
1,14,0.92,0.02944723582753464
1,14,0.92,0.0293502423342
1,14,0.92,0.029253732597931535
1,14,0.92,0.029157704205980815
1,14,0.92,0.029062154757633053
1,14,0.92,0.02896708186414705
1,14,0.92,0.02887248314869552
1,14,0.92,0.02877835624630564
1,14,0.92,0.028684698803799973
1,16,0.92,0.028591508479737557
1,14,0.92,0.02849878294435545
1,14,0.93,0.02840651987951042
1,16,0.94,0.02831471697862105
1,16,0.94,0.028223371946610044
1,16,0.94,0.028132482499846838
1,14,0.94,0.028042046366090527
1,14,0.94,0.027952061284433068
1,16,0.94,0.027862525005242715
1,14,0.95,0.02777343529010782
1,14,0.95,0.027684789911780895
1,14,0.95,0.027596586654122846
1,14,0.95,0.02750882331204764
0,15,0.94,0.027421497691467157
1,14,0.94,0.027334607609236332
1,14,0.94,0.02724815089309858
1,14,0.94,0.0271621253816315
1,14,0.94,0.0270765289241928
1,14,0.94,0.02699135938086663
1,14,0.94,0.026906614622409945
1,14,0.94,0.026822292530199375
1,14,0.94,0.026738390996178224
1,14,0.94,0.02665490792280377
1,16,0.94,0.026571841222994823
1,14,0.94,0.026489188820079577
1,14,0.94,0.026406948647743643
1,14,0.94,0.026325118649978413
1,14,0.95,0.026243696781029717
1,14,0.95,0.026162681005346577
1,14,0.95,0.026082069297530375
1,14,0.95,0.026001859642284214
1,14,0.95,0.02592205003436255
1,14,0.95,0.025842638478521016
1,14,0.95,0.025763622989466578
1,14,0.95,0.025685001591807893
1,14,0.95,0.025606772320005942
1,14,0.95,0.025528933218324844
1,14,0.95,0.025451482340783003
1,14,0.95,0.025374417751104446
0,13,0.94,0.02529773752267042
1,14,0.94,0.02522143973847122
1,18,0.94,0.025145522491058264
1,14,0.94,0.0250699838824964
1,14,0.94,0.02499482202431651
1,14,0.94,0.02492003503746821
1,14,0.94,0.024845621052272927
1,16,0.94,0.024771578208377165
1,14,0.94,0.024697904654705963
1,14,0.94,0.02462459854941665
1,14,0.94,0.024551658059852766
1,14,0.94,0.02447908136249828
1,14,0.94,0.024406866642931964
1,15,0.94,0.02433501209578209
1,14,0.95,0.024263515924681227
1,14,0.95,0.024192376342221374
1,14,0.95,0.024121591569909263
1,14,0.95,0.0240511598381219
1,14,0.95,0.023981079386062323
1,16,0.95,0.023911348461715574
1,14,0.95,0.023841965321804916
1,16,0.95,0.023772928231748244
1,14,0.95,0.023704235465614704
1,14,0.95,0.023635885306081572
1,14,0.96,0.023567876044391298
1,14,0.96,0.02350020598030879
1,14,0.96,0.023432873422078924
1,14,0.97,0.023365876686384242
1,14,0.97,0.02329921409830285
1,14,0.97,0.023232883991266592
0,10,0.96,0.02316688470701933
1,14,0.96,0.02310121459557552
1,14,0.96,0.023035872015178954
1,14,0.96,0.02297085533226172
1,14,0.96,0.022906162921403357
1,14,0.96,0.02284179316529023
1,14,0.97,0.022777744454675064
1,14,0.97,0.022714015188336784
1,14,0.97,0.0226506037730404
1,14,0.97,0.022587508623497232
1,16,0.97,0.02252472816232525
1,14,0.97,0.02246226082000966
1,14,0.97,0.022400105034863643
1,14,0.97,0.022338259252989337
1,14,0.97,0.02227672192823897
1,14,0.97,0.022215491522176216
1,14,0.97,0.02215456650403775
1,14,0.97,0.02209394535069494
1,14,0.97,0.022033626546615788
1,14,0.97,0.02197360858382705
1,14,0.97,0.021913889961876536
1,14,0.97,0.021854469187795586
1,14,0.97,0.02179534477606175
1,14,0.97,0.02173651524856165
1,14,0.97,0.02167797913455405
1,14,0.97,0.021619734970633037
1,14,0.97,0.021561781300691488
1,14,0.97,0.021504116675884637
1,14,0.97,0.02144673965459385
1,14,0.97,0.021389648802390616
1,14,0.97,0.021332842692000656
1,14,0.97,0.021276319903268233
1,14,0.97,0.021220079023120713
1,14,0.97,0.02116411864553315
1,14,0.97,0.02110843737149319
1,14,0.97,0.021053033808966087
1,14,0.97,0.02099790657285988
1,14,0.97,0.02094305428499081
1,14,0.97,0.020888475574048812
1,14,0.97,0.020834169075563277
1,16,0.97,0.020780133431868894
1,14,0.97,0.02072636729207179
1,14,0.97,0.020672869312015653
1,14,0.97,0.020619638154248193
1,15,0.98,0.020566672487987697
1,16,0.98,0.020513970989089747
1,14,0.98,0.02046153234001413
1,14,0.98,0.020409355229791884
1,14,0.98,0.02035743835399253
0,3,0.97,0.020305780414691478
1,14,0.97,0.020254380120437558
1,14,0.97,0.020203236186220733
1,14,0.97,0.02015234733343998
1,14,0.97,0.020101712289871336
1,14,0.97,0.020051329789636065
0,13,0.96,0.020001198573169045
1,14,0.96,0.01995131738718724
1,14,0.96,0.019901684984658424
1,14,0.96,0.019852300124769934
1,16,0.96,0.019803161572897708
1,14,0.96,0.019754268100575387
1,16,0.96,0.019705618485463608
1,14,0.96,0.019657211511319474
1,14,0.96,0.0196090459679661
1,16,0.96,0.0195611206512624
1,18,0.96,0.019513434363072946
1,14,0.96,0.01946598591123807
1,14,0.96,0.01941877410954399
1,14,0.96,0.01937179777769322
1,14,0.96,0.019325055741275
1,14,0.97,0.019278546831735997
1,14,0.97,0.019232269886351044
1,14,0.97,0.019186223748194096
1,14,0.97,0.019140407266109292
1,14,0.97,0.01909481929468222
1,14,0.97,0.019049458694211197
1,14,0.97,0.019004324330678855
1,14,0.97,0.01895941507572376
1,14,0.97,0.018914729806612192
1,14,0.97,0.018870267406210103
1,15,0.97,0.01882602676295516
1,14,0.97,0.018782006770828967
1,14,0.97,0.018738206329329453
1,16,0.97,0.01869462434344329
1,14,0.97,0.018651259723618557
1,16,0.97,0.0186081113857375
1,14,0.97,0.01856517825108943
1,14,0.97,0.018522459246343735
1,14,0.97,0.018479953303523082
1,14,0.97,0.018437659359976676
1,14,0.97,0.018395576358353725
1,14,0.97,0.018353703246577015
1,14,0.97,0.018312038977816556
1,16,0.97,0.01827058251046346
1,14,0.97,0.018229332808103887
0,13,0.96,0.018188288839493128
1,14,0.96,0.01814744957852983
1,14,0.96,0.018106814004230344
1,14,0.96,0.01806638110070318
1,14,0.96,0.018026149857123672
1,14,0.97,0.01798611926770862
1,14,0.97,0.0179462883316912
1,14,0.97,0.017906656053295947
1,14,0.97,0.017867221441713828
1,14,0.97,0.017827983511077505
1,16,0.97,0.01778894128043667
1,14,0.97,0.01775009377373351
1,14,0.97,0.01771144001977835
1,14,0.97,0.017672979052225327
1,14,0.97,0.01763470990954824
1,14,0.97,0.017596631635016534
1,14,0.97,0.01755874327667136
1,14,0.97,0.01752104388730179
1,14,0.97,0.017483532524421128
1,14,0.97,0.017446208250243338
1,14,0.97,0.017409070131659623
1,14,0.97,0.017372117240215094
1,14,0.97,0.01733534865208554
1,14,0.97,0.01729876344805433
1,14,0.97,0.017262360713489473
1,16,0.97,0.0172261395383207
1,14,0.97,0.017190099017016743
1,14,0.97,0.017154238248562697
1,14,0.97,0.01711855633643748
1,16,0.97,0.017083052388591435
1,14,0.97,0.017047725517424013
1,14,0.97,0.017012574839761596
1,14,0.97,0.016977599476835414
1,14,0.97,0.01694279855425957
1,14,0.97,0.016908171202009187
1,14,0.97,0.016873716554398652
1,14,0.97,0.01683943375005998
1,14,0.97,0.016805321931921288
1,14,0.97,0.016771380247185334
1,14,0.97,0.01673760784730824
